BlogImageURL,BlogTitle,BlogDate,BlogLikesCount
https://rategaincom.wpenginepowered.com/wp-content/uploads/2023/10/Google-AdSenses-New-Related-Search-Feature-in-Auto-Ads.png,"Maximize Your Hotel’s Exposure with Google AdSense’s New ""Related Search"" Feature in Auto Ads","OCTOBER 20, 2023",7
https://rategaincom.wpenginepowered.com/wp-content/uploads/2023/10/Transforming-with-Facebooks-Reservation-BUYING-Strategy.png,Beyond Reach & Frequency: Hotels' New Era with Facebook's 'Reservation' Buying Type,"OCTOBER 12, 2023",3
https://rategaincom.wpenginepowered.com/wp-content/uploads/2023/10/Overbookings-Cancellations-Not-a-Problem-with-Modern-Hotel-Booking-Engines.png,Managing Overbookings and Cancellations with Hotel Booking Engines,"OCTOBER 5, 2023",2
https://rategaincom.wpenginepowered.com/wp-content/uploads/2023/10/Hotel-Distribution-Done-Right-Choosing-between-GDS-and-Channel-Manager.png,Global Distribution System (GDS) vs. Channel Manager: Which is Right for Your Hotel,"OCTOBER 1, 2023",2
https://rategaincom.wpenginepowered.com/wp-content/uploads/2023/09/Bing-Hotel-Ads-Your-Hotels-Secret-Revenue-Booster.png,Why Bing Hotel Ads Should Be in Your Marketing Mix,"SEPTEMBER 28, 2023",1
https://rategaincom.wpenginepowered.com/wp-content/uploads/2023/09/Unlocking-Top-Travel-Destinations-in-Egypt-A-Hoteliers-Playbook.jpg,Unlocking Top Travel Destinations in Egypt: A Hotelier's Playbook,"SEPTEMBER 25, 2023",0
https://rategaincom.wpenginepowered.com/wp-content/uploads/2023/09/Shaping-Success-in-Egypts-Dynamic-Hospitality-Landscape.jpg,Shaping Success in Egypt's Dynamic Hospitality Landscape: A Roadmap for Hoteliers,"SEPTEMBER 22, 2023",0
https://rategaincom.wpenginepowered.com/wp-content/uploads/2023/09/Powering-Hospitality-How-Renewable-Energy-Is-Reshaping-Hotels.png,Checking In to a Greener Future: Renewable Energy in Hotels,"SEPTEMBER 15, 2023",0
https://rategaincom.wpenginepowered.com/wp-content/uploads/2023/09/How-Travel-Sellers-Support-Local-Economies.png,Sustaining Communities: The Role of Travel Sellers in Sustainable Tourism,"SEPTEMBER 14, 2023",0
https://rategaincom.wpenginepowered.com/wp-content/uploads/2023/09/Drip-by-Drip-How-Hotels-Are-Leading-the-Way-in-Water-Conservation.png,Flowing Towards Sustainability: Water Conservation in Hotels,"SEPTEMBER 11, 2023",1
https://rategaincom.wpenginepowered.com/wp-content/uploads/2023/09/Eco-friendly-practices-in-Vacation-Rentals.png,Eco-Friendly Practices in Vacation Rentals: A Win-Win for Guests and the Environment,"SEPTEMBER 10, 2023",0
https://rategaincom.wpenginepowered.com/wp-content/uploads/2023/09/Trash-to-Treasures-Zero-Waste-Travelers-Handbook.png,Zero-Waste Travel: A Sustainable Path to Explore the World,"SEPTEMBER 9, 2023",0
https://rategaincom.wpenginepowered.com/wp-content/uploads/2023/09/Hotel-Sustainable-Supply-Chain-Strategies.png,Building a Greener Future: Sustainable Supply Chain Management in Hotels,"SEPTEMBER 8, 2023",0
https://rategaincom.wpenginepowered.com/wp-content/uploads/2023/09/Airlines-Sustainable-Innovations.png,Airline Sustainability Initiatives: How Airlines are Going Green,"SEPTEMBER 7, 2023",0
https://rategaincom.wpenginepowered.com/wp-content/uploads/2023/09/Embrace-Eco-Tourism-Your-Passport-to-Sustainable-Wanderlust.png,Exploring Eco-Tourism: Where Nature Meets Responsible Travel,"SEPTEMBER 6, 2023",0
https://rategaincom.wpenginepowered.com/wp-content/uploads/2023/09/Measuring-and-Reporting-Sustainability-Impact.png,Measuring and Reporting Sustainability Impact: Metrics for Hotels and Travel Sellers,"SEPTEMBER 6, 2023",0
https://rategaincom.wpenginepowered.com/wp-content/uploads/2023/09/Sustainable-Practices-for-Tour-Operators.png,Reducing Carbon Footprint: Sustainable Practices for Tour Operators,"SEPTEMBER 5, 2023",1
https://rategaincom.wpenginepowered.com/wp-content/uploads/2023/09/Wings-and-Wonders-Biodiversity-Conservation-in-Tourism.png,Preserving Paradise: Biodiversity Conservation in Travel,"SEPTEMBER 4, 2023",0
https://rategaincom.wpenginepowered.com/wp-content/uploads/2023/09/Green-Hotel-Badge-for-Sustainable-Accommodations.png,"How Green is your Hotel? Do Good and Show it to the World – on Google, for Example","SEPTEMBER 3, 2023",1
https://rategaincom.wpenginepowered.com/wp-content/uploads/2023/09/Evolution-of-UK-Hospitality.png,The Digital Evolution of UK Hospitality: A Historic Journey From Keys to Clicks,"SEPTEMBER 1, 2023",1
https://rategaincom.wpenginepowered.com/wp-content/uploads/2023/10/Driving-Green-The-Future-of-Sustainable-Car-Rentals.png,Driving Green: The Future of Sustainable Car Rentals,"SEPTEMBER 1, 2023",0
https://rategaincom.wpenginepowered.com/wp-content/uploads/2023/09/Taste-the-Future-Sustainable-Food-Practices-in-Hospitality.png,Taste the Future: Sustainable Food Practices in Hotels and Restaurants,"SEPTEMBER 1, 2023",0
https://rategaincom.wpenginepowered.com/wp-content/uploads/2023/10/The-DMO-Effect-Enhancing-Tourisms-Role-in-Local-Economies.png,The Heart of Travel: DMOs and Their Impact on Local Economies,"SEPTEMBER 1, 2023",0
https://rategaincom.wpenginepowered.com/wp-content/uploads/2023/08/Your-Hotels-Social-Media-Just-Got-Google-fied-Google-Business-Profile.webp,Social Media Meets Google Business Profile: Here's Why You Should Care,"AUGUST 21, 2023",1
https://rategaincom.wpenginepowered.com/wp-content/uploads/2023/08/The-Hidden-Costs-of-Poor-Hotel-System-Connectivity.png,Connect the Dots: Decoding Common Hotel System Connectivity Challenges,"AUGUST 18, 2023",1
https://rategaincom.wpenginepowered.com/wp-content/uploads/2023/08/Google-Analytics-4-Rolls-Out-New-User-Data-Export-To-BigQuery.webp,GA4's New User Data Export to BigQuery: Your Key to Hyper-Personalized Hotel Marketing,"AUGUST 17, 2023",1
https://rategaincom.wpenginepowered.com/wp-content/uploads/2023/08/Role-of-AI-Ml-in-Hotel-Search-Engines.webp,How AI and Machine Learning are Shaping Hotel Search Engines,"AUGUST 16, 2023",1
https://rategaincom.wpenginepowered.com/wp-content/uploads/2023/08/DE-I-RG.webp,Unpacking Global DE&I Pillars: A Strategy for Inclusivity,"AUGUST 16, 2023",1
https://rategaincom.wpenginepowered.com/wp-content/uploads/2023/08/evolution-of-hotel-search-engines.webp,"The Evolution of Hotel Search Engines: Past, Present, and Future","AUGUST 15, 2023",1
https://rategaincom.wpenginepowered.com/wp-content/uploads/2023/08/India-beyond-75.webp,From Green Revolution to Space Exploration: 75 Innovations Propelling India Beyond 75,"AUGUST 14, 2023",1
https://rategaincom.wpenginepowered.com/wp-content/uploads/2023/08/How-Hotel-Search-Engines-are-Supporting-Sustainable-Travel.webp,Going Green: How Hotel Search Engines are Championing the Cause of Sustainable Travel,"AUGUST 10, 2023",1
https://rategaincom.wpenginepowered.com/wp-content/uploads/2023/08/Google_s-New-Hotel-Search-Carousel.webp,Get Noticed: The Smart Hotelier's Guide to Google's Filtered Search Carousel,"AUGUST 9, 2023",1
https://rategaincom.wpenginepowered.com/wp-content/uploads/2023/08/Understanding-the-Mechanics-of-Hotel-Search-Engines.webp,Understanding the Mechanics of Hotel Search Engines,"AUGUST 9, 2023",1
https://rategaincom.wpenginepowered.com/wp-content/uploads/2023/08/Hospitality-in-the-Digital-Age-Softwares-for-Hotel-Success.webp,Hospitality in the Digital Age: Software Breakthroughs and What's Next,"AUGUST 8, 2023",1
https://rategaincom.wpenginepowered.com/wp-content/uploads/2023/08/The-Heart-of-Hospitality-A-Guide-to-Outshine-Competitors-at-Every-Traveler-Touchpoint.webp,Gaining a Competitive Edge at Every Stage of the Traveler Journey,"AUGUST 4, 2023",1
https://rategaincom.wpenginepowered.com/wp-content/uploads/2023/08/Fine-Tuning-Your-Hotels-Strategy-The-Art-of-Revenue-Management-Analytics.webp,Elevate Your Hotel's Performance with Revenue Management Analytics,"AUGUST 4, 2023",1
https://rategaincom.wpenginepowered.com/wp-content/uploads/2023/08/How-Hotels-Can-Stay-Ahead-in-Dynamic-Hospitality-Industry.webp,How Hotels Can Stay Ahead in the Dynamic Hospitality Industry,"AUGUST 4, 2023",1
https://rategaincom.wpenginepowered.com/wp-content/uploads/2023/08/Hospitality-Management-Unraveled-Journey-of-Experiences.png,What is Hospitality Management? Why is it Important?,"AUGUST 1, 2023",0
https://rategaincom.wpenginepowered.com/wp-content/uploads/2023/08/Has-_The-Swiftie-Fever_-Opened-New-Travel-Avenues-In-the-U.S.webp,Has 'The Swiftie Fever' Opened New Travel Avenues In the U.S.,"AUGUST 1, 2023",0
https://rategaincom.wpenginepowered.com/wp-content/uploads/2023/07/Strategies-to-Succeed-with-Technological-Partnerships-in-Hospitality.webp,How to Make Technology Partnerships Successful for Hotels,"JULY 21, 2023",0
https://rategaincom.wpenginepowered.com/wp-content/uploads/2023/07/AI-Machine-Learning-Who-Will-Lead-the-Change.webp,AI and Machine Learning – Who Will Lead the Change and What Will it Look Like?,"JULY 20, 2023",0
https://rategaincom.wpenginepowered.com/wp-content/uploads/2023/07/Strategies-for-Big-Hotel-Chains-to-Stay-Ahead.webp,Large Hotel Chains Can Move Fast Too: 10 Ideas To Implement Today,"JULY 18, 2023",0
https://rategaincom.wpenginepowered.com/wp-content/uploads/2023/07/Mastering-the-Distribution-Game-for-Big-Hotel-Chains.png,The Basics of Distribution for Hotel Chains,"JULY 18, 2023",0
https://rategaincom.wpenginepowered.com/wp-content/uploads/2023/07/The-Game-Changing-Benefits-of-Metasearch-Marketing.webp,Supercharging Hotel Bookings: The Game-Changing Benefits of Metasearch Marketing,"JULY 18, 2023",0
https://rategaincom.wpenginepowered.com/wp-content/uploads/2023/07/Techology-Stack-Needed-by-OTAs.webp,The Tech-Stack Needed by OTAs to Scale Your BI Capabilities,"JULY 17, 2023",0
https://rategaincom.wpenginepowered.com/wp-content/uploads/2023/07/The-Future-of-rate-parity-in-hospitality.webp,The Future of Rate Parity in the Hospitality Industry,"JULY 17, 2023",0
https://rategaincom.wpenginepowered.com/wp-content/uploads/2023/07/HOW-PRICING-WILL-CHANGE-IN-the-AGE-OF-AI.webp,How Hotel Pricing is Going to Change in the Age of AI,"JULY 12, 2023",0
https://rategaincom.wpenginepowered.com/wp-content/uploads/2023/07/Leveraging-Instagram-Threads-for-the-Travel-and-Hospitality-Industry.webp,Leveraging Instagram Threads for the Travel and Hospitality Industry,"JULY 10, 2023",0
https://rategaincom.wpenginepowered.com/wp-content/uploads/2023/07/GA4.webp,Calling All Hoteliers: Unleash the Power of GA4 for Optimal Performance,"JULY 7, 2023",1
https://rategaincom.wpenginepowered.com/wp-content/uploads/2023/07/Sustainable-Hotels.webp,Green Gold: Sustainable Hotels Shaping Profitable and Responsible Hospitality,"JULY 3, 2023",1
https://rategaincom.wpenginepowered.com/wp-content/uploads/2023/07/Managing-Cancellations-to-Optimize-Revenue-_-Guest-Satisfaction.webp,Managing Hotel Cancellations: Strategies to Optimize Revenue and Guest Satisfaction,"JUNE 28, 2023",0
https://rategaincom.wpenginepowered.com/wp-content/uploads/2023/06/Hotel-Big-Data-Analytics.webp,Big Data: The Game Changer in Hospitality Industry,"JUNE 27, 2023",0
https://rategaincom.wpenginepowered.com/wp-content/uploads/2023/06/Unveiling-the-Hotel-Challenges-Navigating-Obstacles-in-Dynamic-Hospitality-Landscape.webp,Unveiling the Hotel Challenges: Navigating Obstacles in the Dynamic Hospitality Landscape,"JUNE 26, 2023",0
https://rategaincom.wpenginepowered.com/wp-content/uploads/2023/06/Distribution-Challenges-for-Hotels-in-Latin-America.webp,Distribution Challenges for Hotels in Latin America,"JUNE 23, 2023",0
https://rategaincom.wpenginepowered.com/wp-content/uploads/2023/06/Cracking-Distribution-Code-Navigating-Challenges-with-Technology-and-Strategy.webp,Navigating Hotel Distribution Challenges with Technology and Strategy,"JUNE 22, 2023",1
https://rategaincom.wpenginepowered.com/wp-content/uploads/2023/06/Digital-foundation-in-hotel-industry.webp,What Does Digital Foundation in Hospitality Look Like,"JUNE 20, 2023",0
https://rategaincom.wpenginepowered.com/wp-content/uploads/2023/06/Effective-Hotel-Pricing-Strategies-During-Low-Demand-Periods.webp,Effective Hotel Pricing Strategies To Maximize Revenue During Low Demand Periods,"JUNE 13, 2023",0
https://rategaincom.wpenginepowered.com/wp-content/uploads/2023/06/allyship.webp,The Power of Allyship: Building Bridges of Support and Inclusion,"JUNE 12, 2023",0
https://rategaincom.wpenginepowered.com/wp-content/uploads/2023/06/Unlocking-Success-Strategies-for-Hotel-Revenue-Management-Hotel.webp,Mastering Success: Hotel Revenue Management Strategies for Optimal Growth,"JUNE 11, 2023",1
https://rategaincom.wpenginepowered.com/wp-content/uploads/2023/06/Solving-the-Challenge-of-Overbooking-in-Hotels.webp,Solving the Challenge of Overbooking in Hotels: Strategies for Seamless Guest Experience,"JUNE 10, 2023",0
https://rategaincom.wpenginepowered.com/wp-content/uploads/2023/06/Revenue-Management-Managing-Hotel-Demand-During-Special-Events.webp,Navigating the Highs and Lows: Managing Hotel Demand During Special Events,"JUNE 9, 2023",0
https://rategaincom.wpenginepowered.com/wp-content/uploads/2023/06/Revenue-Management-The-Impact-of-Weather-on-Hotel-Demand.webp,The Impact of Weather on Hotel Demand: Leveraging Insights for Success,"JUNE 9, 2023",0
https://rategaincom.wpenginepowered.com/wp-content/uploads/2023/06/AI-Powered-Innovations-for-the-Hotel-Industry.jpg,Inside Google Marketing Live 2023: AI-Powered Innovations & What They Mean for the Hotel Industry,"JUNE 8, 2023",0
https://rategaincom.wpenginepowered.com/wp-content/uploads/2023/06/Unlock-the-Secrets-of-Hotel-Loyalty-Programs.webp,Hotel Loyalty Programs: Building Customer Loyalty and Maximizing Rewards,"JUNE 8, 2023",0
https://rategaincom.wpenginepowered.com/wp-content/uploads/2023/06/Revenue-Management-Impact-of-Seasonality-on-Revenue.webp,The Impact of Seasonality on Hotel Revenue: Understanding the Highs and Lows,"JUNE 8, 2023",0
https://rategaincom.wpenginepowered.com/wp-content/uploads/2016/12/Industry-Statistics-ADR.webp,Walking the Tight Rope: High Hotel ADR and Low Distribution Cost,"JUNE 7, 2023",0
https://rategaincom.wpenginepowered.com/wp-content/uploads/2023/06/Inventory-Management-The-Role-of-CRS-in-Efficient-Hotel-Inventory-Distribution.webp,The Role of Central Reservation Systems in Efficient Hotel Inventory Distribution,"JUNE 7, 2023",0
https://rategaincom.wpenginepowered.com/wp-content/uploads/2023/06/pride-month-history.webp,The History of Pride Month: Celebrating Love and Equality,"JUNE 5, 2023",0
https://rategaincom.wpenginepowered.com/wp-content/uploads/2023/06/Hotel-Technology-4-A-Comprehensive-Guide-to-Cloud-Computing-for-Hotels.webp,A Comprehensive Guide to Cloud Computing for Hotels: Transforming the Hospitality Industry,"JUNE 5, 2023",0
https://rategaincom.wpenginepowered.com/wp-content/uploads/2023/06/Distribution-Understanding-Hotel-Central-Reservation-System-Streamlining-Operations-a.webp,Unlock the Power of a Hotel Central Reservation System,"JUNE 1, 2023",0
https://rategaincom.wpenginepowered.com/wp-content/uploads/2017/09/Hotel-Technology-3-Leveraging-Data-and-Analytics-to-Distribute-Your-Hotel-Inventory-Effectively.webp,Data and Analytics Can Help You Distribute Your Hotel Inventory Effectively & Run Hotel Profitably,"MAY 26, 2023",0
https://rategaincom.wpenginepowered.com/wp-content/uploads/2023/05/Hotel-Technology-2-Data-Driven-Excellence-Maximizing-Performance-with-Hotel-Data-Analytics.webp,Data-Driven Excellence: Maximizing Performance with Hotel Data Analytics,"MAY 26, 2023",0
https://rategaincom.wpenginepowered.com/wp-content/uploads/2023/05/Driving-Higher-Hotel-Occupancy-Rates.webp,Driving Higher Hotel Occupancy Rates: Implementing Effective Strategies,"MAY 25, 2023",0
https://rategaincom.wpenginepowered.com/wp-content/uploads/2023/01/Hotel-Digital-Marketing-Boost-Your-Online-Presence-_-Drive-Bookings.webp,The Complete Guide to Hotel Digital Marketing: Boost Your Online Presence and Drive Bookings,"MAY 24, 2023",0
https://rategaincom.wpenginepowered.com/wp-content/uploads/2022/12/Distribution-What-is-a-Global-Distribution-System-GDS-How-does-it-Benefit-Your-Hotel.webp,What is a Global Distribution System (GDS)? How does it Benefit Your Hotel?,"MAY 23, 2023",1
https://rategaincom.wpenginepowered.com/wp-content/uploads/2023/05/Hotel-Technology-1-The-Power-of-Hotel-Technology.webp,Unleashing the Power of Hotel Technology: The Game Changer in Tech-Savvy Hospitality,"MAY 23, 2023",1
https://rategaincom.wpenginepowered.com/wp-content/uploads/2023/05/Revenue-Management-Unlocking-Profitability-with-Hotel-Revenue-Management.webp,Unlocking Profitability: An Introduction to Hotel Revenue Management,"MAY 23, 2023",0
https://rategaincom.wpenginepowered.com/wp-content/uploads/2023/05/Destination-Marketing-2-Why-Should-all-Destinations-have-a-DMO.webp,Why Should All Destinations Have a Destination Marketing Organization (DMO)?,"MAY 22, 2023",0
https://rategaincom.wpenginepowered.com/wp-content/uploads/2023/05/Destination-Marketing-1-What-are-DMOs.webp,"Destination Marketing Organization: Its Roles, Importance, and Benefits in the Hospitality Industry","MAY 22, 2023",0
https://rategaincom.wpenginepowered.com/wp-content/uploads/2023/04/Distribution-Difference-between-Hotel-PMS-Channel-Manager-OTAs-and-Booking-Engine.webp,"Difference Between a Hotel PMS, Channel Manager, OTAs, and Booking Engine","MAY 22, 2023",3
https://rategaincom.wpenginepowered.com/wp-content/uploads/2023/03/Hotel-Distribution-Channels-A-Complete-Guide.webp,The Complete Guide to Distribution Channels in the Hotel Industry,"MAY 21, 2023",0
https://rategaincom.wpenginepowered.com/wp-content/uploads/2023/03/Effective-Channel-Management-for-Hospitality-Businesses.webp,Unlocking New Revenue Streams: A Guide to Effective Channel Management for Hospitality Businesses,"MAY 21, 2023",0
https://rategaincom.wpenginepowered.com/wp-content/uploads/2023/05/Metasearch-Engines-A-Game-Changer-for-Online-Businesses.webp,Unveiling the Magic of Metasearch Engines: A Game Changer for Online Businesses,"MAY 21, 2023",0
https://rategaincom.wpenginepowered.com/wp-content/uploads/2023/05/Adapting-Hotel-Distribution-Mastering-Content-Management-for-Success.webp,Where does Content Fit in the Evolution of Hotel Distribution?,"MAY 20, 2023",0
https://rategaincom.wpenginepowered.com/wp-content/uploads/2023/05/Boost-your-Online-Presence-with-a-Hotel-Content-Management-System.webp,Boost Your Hotel's Online Presence with a Hotel Content Management System,"MAY 19, 2023",0
https://rategaincom.wpenginepowered.com/wp-content/uploads/2023/05/Streamlining-Hotel-Pricing-Strategy-with-Advanced-Rate-Shopping-Software.webp,Streamline Your Hotel Pricing Strategy with Advanced Rate Shopping Software,"MAY 18, 2023",0
https://rategaincom.wpenginepowered.com/wp-content/uploads/2016/10/Dynamic-Pricing-Strategy-for-the-Hospitality-Industry.webp,Dynamic Pricing Strategy in Hotels for Hospitality Industry,"MAY 18, 2023",5
https://rategaincom.wpenginepowered.com/wp-content/uploads/2023/05/Pricing-Strategy-1-Hotel-Pricing-Strategy-for-Revenue-Maximization.webp,Hotel Pricing Strategy: Maximizing Revenue Through Effective Pricing Techniques,"MAY 18, 2023",0
https://rategaincom.wpenginepowered.com/wp-content/uploads/2023/05/Google-Hotel-Ads-_1-How-to-use-Google-Hotel-Ads-A-Complete-Guide.webp,How To Use Google Hotel Ads: A Complete Guide,"MAY 18, 2023",0
https://rategaincom.wpenginepowered.com/wp-content/uploads/2023/05/Inventory-Management-4-Boost-your-Hotel-Revenue-with-Efficient-Hotel-Inventory-Management.webp,Boost Your Hotel Revenue with Efficient Hotel Inventory Management,"MAY 16, 2023",0
https://rategaincom.wpenginepowered.com/wp-content/uploads/2023/05/Inventory-Management-3-How-can-you-Benefit-from-Hotel-Wholesalers.webp,Cracking the Code: How to Benefit from Hotel Wholesalers,"MAY 16, 2023",0
https://rategaincom.wpenginepowered.com/wp-content/uploads/2023/05/Rate-Parity-_2-Important-Tips-to-cope-up-with-Rate-Parity-Issues.webp,8 Easy Tips for Hotel Revenue Managers to Cope With Rate Parity Issues,"MAY 15, 2023",1
https://rategaincom.wpenginepowered.com/wp-content/uploads/2023/05/Rate-Parity-_1-What-is-Hotel-Rate-Parity-Why-is-it-Important.webp,What is Hotel Rate Parity? Why is it Important in the Hotel Industry?,"MAY 15, 2023",0
https://rategaincom.wpenginepowered.com/wp-content/uploads/2016/03/Channel-Management-2-Critical-Factors-to-Consider-before-you-Invest-in-a-Hotel-Channel-Manager.webp,18 Factors to Consider before Investing in Channel Manager for Your Hotel,"MAY 14, 2023",0
https://rategaincom.wpenginepowered.com/wp-content/uploads/2023/05/Hotel-Sales-Strategy-Crucial-Hotel-Sales-Strategies-to-Boost-Occupancy-and-Revenue.webp,Crucial Hotel Sales Strategies to Boost Occupancy and Revenue,"MAY 14, 2023",0
https://rategaincom.wpenginepowered.com/wp-content/uploads/2023/05/Channel-Management-1-What-is-a-channel-manager.webp,What is a Hotel Channel Manager? How Do You Choose the Perfect One?,"MAY 14, 2023",0
https://rategaincom.wpenginepowered.com/wp-content/uploads/2023/05/Content-Management-5-How-Can-Content-Solve-The-Expectation-Gap-for-Hotels.webp,How Can Content Solve The Expectation Gap for Hotels?,"MAY 13, 2023",0
https://rategaincom.wpenginepowered.com/wp-content/uploads/2023/05/Changing-Markets-Post-Pandemic-Guest-Behaviors-Changing-Booking-Inspiration.png,Changing Markets Post-Pandemic: Guest Behaviors Changing Booking Inspiration,"MAY 11, 2023",0
https://rategaincom.wpenginepowered.com/wp-content/uploads/2023/05/Occupancy-Rate-and-calculation.webp,What is Hotel Occupancy Rate? How to Calculate it?,"MAY 6, 2023",2
https://rategaincom.wpenginepowered.com/wp-content/uploads/2023/05/Is-RevPAR-the-Best-Metric-to-Measure-Profitability-scaled.webp,Is RevPAR the Best Metric to Measure Profitability?,"MAY 5, 2023",0
https://rategaincom.wpenginepowered.com/wp-content/uploads/2023/05/Content-Management-4-Why-Should-Hotels-Update-Content-on-OTAs-Frequently.webp,Why Should Hotels Update Content On OTAs Frequently?,"MAY 5, 2023",2
https://rategaincom.wpenginepowered.com/wp-content/uploads/2023/05/Why-Metasearch-is-critical-for-your-hotels-Direct-Bookings-Strategy-scaled.webp,Why Metasearch is critical for your Direct Bookings Strategy,"MAY 4, 2023",0
https://rategaincom.wpenginepowered.com/wp-content/uploads/2023/05/Content-Management-3-Why-Content-on-OTAs-is-Critical-for-Improving-Conversion-Rates-scaled.webp,Why Content on OTAs is Critical for Improving Conversion Rates,"MAY 3, 2023",0
https://rategaincom.wpenginepowered.com/wp-content/uploads/2023/05/How-do-Hotels-Distribute-Inventory-to-Drive-Bookings-scaled.webp,How do Hotels Distribute Inventory to Drive Bookings,"MAY 3, 2023",0
https://rategaincom.wpenginepowered.com/wp-content/uploads/2023/05/What-is-RevPAR-scaled.webp,What is RevPAR ? Why does it Matter?,"MAY 1, 2023",0
https://rategaincom.wpenginepowered.com/wp-content/uploads/2023/01/A-Complete-Guide-to-Hotel-Marketing-Strategy-_1_.webp,A Complete Guide to Hotel Marketing Strategy for 2023,"APRIL 30, 2023",0
https://rategaincom.wpenginepowered.com/wp-content/uploads/2023/04/Latin-Americas-Hospitality-Industry-is-Ready-to-Take-the-AI-Leap-into-the-Future-1.jpg,Latin America’s Hospitality Industry is Ready to Take the AI Leap into the Future,"APRIL 27, 2023",0
https://rategaincom.wpenginepowered.com/wp-content/uploads/2023/06/Kamesh-Shukla-on-Sustainable-Travel.webp,Sustainability: The Conversation We Need To Have With ChatGPT Today,"APRIL 27, 2023",0
https://rategaincom.wpenginepowered.com/wp-content/uploads/2023/04/Content-Management-2-Why-Should-You-Care-About-Hotel-Content-Management-Distribution-scaled.webp,Here's Why You Should Care About Hotel Content Management & Distribution,"APRIL 22, 2023",4
https://rategaincom.wpenginepowered.com/wp-content/uploads/2023/04/Why-Ease-of-Use-is-the-Core-of-any-Booking-Engine.webp,Why Ease of Use is the Core of any Booking Engine?,"APRIL 15, 2023",4
https://rategaincom.wpenginepowered.com/wp-content/uploads/2023/05/Why-is-Security-Critical-for-a-Hotel-Booking-Engine-scaled.webp,Why is Security Critical for a Booking Engine?,"APRIL 14, 2023",4
https://rategaincom.wpenginepowered.com/wp-content/uploads/2023/04/boooking-com-blog-1.jpg,Thank You Booking.com For Showing Us The Future,"APRIL 13, 2023",0
https://rategaincom.wpenginepowered.com/wp-content/uploads/2023/05/How-do-you-Evaluate-a-Hotel-Booking-Engine-scaled.webp,How to Evaluate a Booking Engine?,"APRIL 13, 2023",3
https://rategaincom.wpenginepowered.com/wp-content/uploads/2023/05/All-You-Need-to-Know-About-a-Hotel-Booking-Engine-scaled.webp,All You Need to Know About a Hotel Booking Engine,"APRIL 12, 2023",0
https://rategaincom.wpenginepowered.com/wp-content/uploads/2023/04/MicrosoftTeams-image-8.jpg,Revolutionizing Guest Experiences and Revenue Management with AI,"APRIL 6, 2023",5
https://rategaincom.wpenginepowered.com/wp-content/uploads/2023/04/what-is-a-direct-booking.jpg,What is Direct Booking?,"APRIL 5, 2023",5
https://rategaincom.wpenginepowered.com/wp-content/uploads/2023/04/Content-Management-1-What-is-the-Relevance-of-Content-for-Hotels-scaled.webp,The Relevance of Content for Hotels,"APRIL 1, 2023",0
https://rategaincom.wpenginepowered.com/wp-content/uploads/2023/03/MicrosoftTeams-image-2-1.jpg,Leading the Way: Top 8 Hospitality Technology Trends to Watch in 2023,"MARCH 21, 2023",3
https://rategaincom.wpenginepowered.com/wp-content/uploads/2023/03/A-Complete-Guide-to-Hotel-Connectivity-_-Distribution.webp,A Complete Guide to Hotel Connectivity & Distribution,"MARCH 21, 2023",0
https://rategaincom.wpenginepowered.com/wp-content/uploads/2023/03/MicrosoftTeams-image-3-1.jpg,Revolutionizing the Hospitality Industry: The Role of Advanced Channel Managers in Driving Hotel Business Growth,"MARCH 16, 2023",0
https://rategaincom.wpenginepowered.com/wp-content/uploads/2023/05/What-are-the-Key-Hotel-Industry-Statistics-scaled.webp,What are Hotel Industry Statistics?,"MARCH 6, 2023",0
https://rategaincom.wpenginepowered.com/wp-content/uploads/2023/02/MicrosoftTeams-image-1.jpg,The Data Goldmine: The 3 Step Process to Unlocking the Power of Guest Data,"FEBRUARY 15, 2023",0
https://rategaincom.wpenginepowered.com/wp-content/uploads/2023/01/How-To-Use-Guest-Messaging-To-Improve-Revenue.jpg,How To Use Guest Messaging To Improve Revenue,"JANUARY 31, 2023",0
https://rategaincom.wpenginepowered.com/wp-content/uploads/2023/01/MicrosoftTeams-image.jpg,Spin Around the Challenges of an Economic Downturn with AI-Enabled Solutions,"JANUARY 30, 2023",0
https://rategaincom.wpenginepowered.com/wp-content/uploads/2019/04/hotel-revenue-management-system-900x450.jpg,What is a Hotel Property Management System (PMS)?,"JANUARY 23, 2023",0
https://rategaincom.wpenginepowered.com/wp-content/uploads/2023/01/creating-a-picture-perfect-guest-experience-in-dubai.jpg,Unlocking A New Level Of Luxury For Dubai: The Rising Need For Technology,"JANUARY 20, 2023",0
https://rategaincom.wpenginepowered.com/wp-content/uploads/2023/01/MicrosoftTeams-image-6.jpg,Troubleshooting Guest Engagement: Is the Answer in the Palm of your Hands?,"JANUARY 6, 2023",1
https://rategaincom.wpenginepowered.com/wp-content/uploads/2022/12/uk-banner-1.jpg,No Shortage of Guest Engagement Despite Labour Shortage in the UK: Why Technology is the Answer,"DECEMBER 23, 2022",1
https://rategaincom.wpenginepowered.com/wp-content/uploads/2022/12/engage-banner-1.jpg,Journey to better guest satisfaction: Why digitisation is the shortcut you need,"DECEMBER 16, 2022",0
https://rategaincom.wpenginepowered.com/wp-content/uploads/2022/12/7-tips-for-a-booking-friendly-hotel-website-blog-banner.jpg,7 Tips for A Booking-friendly Hotel Website,"DECEMBER 12, 2022",1
https://rategaincom.wpenginepowered.com/wp-content/uploads/2022/12/Top-banner-2.jpg,The Problem In Paradise: What The Hotels Of Maldives Need To Know,"DECEMBER 6, 2022",1
https://rategaincom.wpenginepowered.com/wp-content/uploads/2022/11/sentiment-mapping-1-1.jpg,The Good Side Of AI: Read Between The Lines To Understand Your Guests’ Feelings,"NOVEMBER 11, 2022",1
https://rategaincom.wpenginepowered.com/wp-content/uploads/2022/10/Preparing-for-the-Future-of-Air-Travel-Demand.jpg,Preparing for the Future of Air Travel Demand,"NOVEMBER 4, 2022",0
https://rategaincom.wpenginepowered.com/wp-content/uploads/2022/11/Digital-Hosp_Banner-1-scaled.jpg,Digital Hospitality: No Longer An Oxymoron,"NOVEMBER 3, 2022",0
https://rategaincom.wpenginepowered.com/wp-content/uploads/2022/10/Peak-Experience-For-Peak-Season.webp,Peak Experience For The Peak Season,"OCTOBER 27, 2022",0
https://rategaincom.wpenginepowered.com/wp-content/uploads/2022/10/Forward-looking-Insights-on-Travel-Demand-Top-Trending-Cities-in-Asia.webp,Forward-looking Insights on Travel Demand: Top Trending Cities in Asia (Oct – Dec 2022),"OCTOBER 24, 2022",0
https://rategaincom.wpenginepowered.com/wp-content/uploads/2022/10/Guest-Dissatisfaction.webp,Guest Dissatisfaction: De-mystified,"OCTOBER 19, 2022",0
https://rategaincom.wpenginepowered.com/wp-content/uploads/2022/10/beyond-just-blog-img.webp,Beyond Just Emojis: Leveraging WhatsApp To Improve Guest Experience,"OCTOBER 11, 2022",0
https://rategaincom.wpenginepowered.com/wp-content/uploads/2022/10/guests-experience.webp,Experiences Above All: The Long and Short of Guest Experiences,"OCTOBER 6, 2022",0
https://rategaincom.wpenginepowered.com/wp-content/uploads/2022/10/Rategain-Partnership.webp,Humans Of RateGain: Q&A With Mark Haywood,"OCTOBER 4, 2022",0
https://rategaincom.wpenginepowered.com/wp-content/uploads/2022/10/ezgif.com-gif-maker-6.webp,India’s Festive Season Travel Outlook,"OCTOBER 3, 2022",0
https://rategaincom.wpenginepowered.com/wp-content/uploads/2022/09/Productivity-For-The-Front-Desk-What-Has-Changed.webp,Productivity For The Front Desk: What Has Changed,"SEPTEMBER 27, 2022",0
https://rategaincom.wpenginepowered.com/wp-content/uploads/2022/09/Drive-more-bookings.webp,How Can Scoring Content Help Hotels Drive More Bookings,"SEPTEMBER 20, 2022",0
https://rategaincom.wpenginepowered.com/wp-content/uploads/2022/09/New-Data-Sources-that-can-help-commercial-teams-make-better-decisions-1.webp,New Data Sources To Help Commercial Teams Make Better Decisions,"SEPTEMBER 20, 2022",0
https://rategaincom.wpenginepowered.com/wp-content/uploads/2022/09/Hotel-Online-Bookings-Can-Be-More-Profitable.webp,Hotel Online Bookings Can Be More Profitable,"SEPTEMBER 20, 2022",0
https://rategaincom.wpenginepowered.com/wp-content/uploads/2022/08/Post-pandemic.webp,Bridging Silos in Commercial Teams Post Pandemic,"AUGUST 25, 2022",4
https://rategaincom.wpenginepowered.com/wp-content/uploads/2022/08/Data-Transparency.webp,Data Transparency: The New Way to Collaborate in Commercial Teams,"AUGUST 25, 2022",4
https://rategaincom.wpenginepowered.com/wp-content/uploads/2022/07/Are-Middle-East-Hoteliers-Ready-for-the-Next-Big-Shift.jpg,Are Middle East Hoteliers Ready for the Next Big Shift?,"JULY 18, 2022",1
https://rategaincom.wpenginepowered.com/wp-content/uploads/2022/06/Blog-En-2-1.jpg,Artificial Intelligence in the Hospitality Industry : The Future,"JULY 13, 2022",2
https://rategaincom.wpenginepowered.com/wp-content/uploads/2022/06/Blog-En-1.jpg,What is Engage-AI? What are the benefits of using Engage-AI?,"JULY 7, 2022",2
https://rategaincom.wpenginepowered.com/wp-content/uploads/2022/06/Enjoy-greater-conversions-by-offering-Mobile-Rates-to-your-prospective-customers.jpg,Enjoy Greater Conversions by Offering Mobile Rates to your Prospective Customers,"JUNE 30, 2022",1
https://rategaincom.wpenginepowered.com/wp-content/uploads/2022/06/Improving-Business-by-Offering-Country-Rates-to-Prospective-Customers.jpg,Improving Business by Offering Country Rates to Prospective Customers,"JUNE 21, 2022",1
https://rategaincom.wpenginepowered.com/wp-content/uploads/2022/05/The-Role-of-Metasearch-in-Pandemic-Recovery.jpg,The Role of Metasearch in Pandemic Recovery,"MAY 31, 2022",0
https://rategaincom.wpenginepowered.com/wp-content/uploads/2022/03/Actionable-Accurate-Demand-Intelligence-for-DMOs-and-DMCs-1.jpg,Why Forward-looking Demand Intelligence is all the More Important for a Destination and it's DMO Today?,"MARCH 31, 2022",0
https://rategaincom.wpenginepowered.com/wp-content/uploads/2022/03/RateGain-RezGain-Become-a-Genius-and-drive-sales-banner.jpg,How to Become a Genius and Drive-up Hotel Visibility and Occupancy Rates!,"MARCH 10, 2022",0
https://rategaincom.wpenginepowered.com/wp-content/uploads/2022/03/Leveling-up-Demand-Forecasting-through-Airline-Traveller-Forecast-3.jpg,Airline Traveler Forecast: Can it help in anticipating demand better?,"MARCH 9, 2022",0
https://rategaincom.wpenginepowered.com/wp-content/uploads/2022/01/AirGain-new-blog.jpg,How can User Experience Help Revenue Managers? Ask AirGain,"JANUARY 13, 2022",0
https://rategaincom.wpenginepowered.com/wp-content/uploads/2021/12/RateGain-Blog-Booking-Travel-Manifesto-for-2022.jpg,The Travel Manifesto for 2022,"DECEMBER 24, 2021",6
https://rategaincom.wpenginepowered.com/wp-content/uploads/2021/10/Data-Driven-1.jpg,Marketing Technology in a Data-Driven Era,"OCTOBER 22, 2021",5
https://rategaincom.wpenginepowered.com/wp-content/uploads/2021/10/Usability-and-Accessibility-How-they-are-making-AirGain-smarter-for-you.jpg,Usability and Accessibility – How they are making AirGain smarter for you!,"OCTOBER 5, 2021",7
https://rategaincom.wpenginepowered.com/wp-content/uploads/2021/09/Is-The.jpg,Is The Future Of Forecasting Clear For Revenue Managers?,"SEPTEMBER 29, 2021",7
https://rategaincom.wpenginepowered.com/wp-content/uploads/2021/09/How-revenue-managers-can-be-future-ready-for-the-next-crisis.jpg,How Revenue Managers Can Be Future Ready For The Next Crisis,"SEPTEMBER 23, 2021",6
https://rategaincom.wpenginepowered.com/wp-content/uploads/2021/09/CarGain-Canvas.jpg,CarGain Canvas: Analytics that give you 360 degree control over your market,"SEPTEMBER 1, 2021",0
https://rategaincom.wpenginepowered.com/wp-content/uploads/2021/07/What-signals-is-the-summer-of-2021-giving-car-rentals.jpg,What Signals is the Summer of 2021 Giving Car Rentals?,"JULY 8, 2021",0
https://rategaincom.wpenginepowered.com/wp-content/uploads/2021/06/Inter-blog-1.jpg,WHAT ARE YOUR PRONOUNS?,"JUNE 25, 2021",5
https://rategaincom.wpenginepowered.com/wp-content/uploads/2021/06/Unearthing-the-power-and-simplicity-of-bulk-update-and-report-generation-on-AirGain-2.jpeg,Bringing More Speed and Agility to Airline Pricing for the Post-COVID Revenue Manager,"JUNE 15, 2021",1
https://rategaincom.wpenginepowered.com/wp-content/uploads/2021/05/How-to-Capture-Rate-Integrity-Issues-in-the-Most-Simplified-Way-copy-1024x536-1.jpg,The Current State of Airline Pricing post-Covid,"MAY 3, 2021",1
https://rategaincom.wpenginepowered.com/wp-content/uploads/2021/04/How-to-Capture-Rate-Integrity-Issues-in-the-Most-Simplified-Way-copy-1024x536-1.jpg,How can hoteliers get 2021 right with a solid pricing strategy as volatility in recovery persists,"MAY 3, 2021",1
https://rategaincom.wpenginepowered.com/wp-content/uploads/2021/04/Why-we-data-story.jpg,Why We Must Tell a Visual Data Story,"APRIL 30, 2021",1
https://rategaincom.wpenginepowered.com/wp-content/uploads/2021/04/The-Revenue-Management-Checklist-for-2021-3.jpg,Airlines Revenue Management Checklist for 2021,"APRIL 29, 2021",1
https://rategaincom.wpenginepowered.com/wp-content/uploads/2020/12/Cap-on-wedding-guests-might-pinch-but-its-a-necessary-evil-3.jpg,"Cap on Wedding Guests Might Pinch, But It's a Necessary Evil","DECEMBER 25, 2020",0
https://rategaincom.wpenginepowered.com/wp-content/uploads/2020/12/We-have-been-profitable-since-inception-3.jpg,"We have been Profitable Since Inception: Yogeesh Chandra- Global Head of Corporate Development, RateGain","DECEMBER 22, 2020",0
https://rategaincom.wpenginepowered.com/wp-content/uploads/2020/12/Some-employees-are-getting-a-new-job-1.jpg,Some Employees are Getting a New Job…At Their Old Job,"DECEMBER 21, 2020",0
https://rategaincom.wpenginepowered.com/wp-content/uploads/2020/12/Hospitality-Banner-no-cta.jpg,Visioning The Post-COVID Era In Revenue Management,"DECEMBER 21, 2020",0
https://rategaincom.wpenginepowered.com/wp-content/uploads/2020/12/New-Deal-Europe-Weekly-Update-on-Tourism-to-the-Balkan-Region-Week-24-1.jpg,50% Rise in Bookings Not Enough for India to Catch Up With Global Recovery,"DECEMBER 21, 2020",0
https://rategaincom.wpenginepowered.com/wp-content/uploads/2020/12/Tech-skills-that-can-rebuild-the-travel-industry-1.jpg,Tech Skills That can Rebuild the Travel Industry,"DECEMBER 20, 2020",0
https://rategaincom.wpenginepowered.com/wp-content/uploads/2020/12/After-China-can-Revenge-Travel-happen-in-India-1.jpg,After China can 'Revenge Travel' Happen in India?,"DECEMBER 18, 2020",0
https://rategaincom.wpenginepowered.com/wp-content/uploads/2020/12/Travel-hospitality-sector-will-take-12-15-months-to-cross-pre-Covid-level-hiring-figures-Industry-leaders-1.jpg,Travel & Hospitality Sector Will Take 12-15 Months To Cross Pre-covid Level Hiring Figures: Industry Leaders,"DECEMBER 16, 2020",0
https://rategaincom.wpenginepowered.com/wp-content/uploads/2020/12/What-Hotels-Need-to-Know-About-the-Staycation-Boom-1.jpg,What Hotels Need to Know About the Staycation Boom,"DECEMBER 16, 2020",0
https://rategaincom.wpenginepowered.com/wp-content/uploads/2020/12/Linkedin-no-cta.jpg,Here’s How Hoteliers Can Attract New Travelers in the Post-COVID Era,"DECEMBER 16, 2020",0
https://rategaincom.wpenginepowered.com/wp-content/uploads/2020/12/How-airline-revenue-management-and-pricing-teams-respond-to-revenue-volatility-1.jpg,How Airline Revenue Management and Pricing Teams Respond to Revenue Volatility?,"DECEMBER 15, 2020",0
https://rategaincom.wpenginepowered.com/wp-content/uploads/2020/12/Revenue-volatility-in-airlines-is-here-to-stay-1.jpg,Revenue Volatility in Airlines is Here to Stay: What can Revenue & Pricing Teams do About it?,"DECEMBER 15, 2020",0
https://rategaincom.wpenginepowered.com/wp-content/uploads/2020/12/These-New-Car-Rental-Subscription-Programs-Will-Get-You-There-2.jpg,These New Car Rental Subscription Programs Will Get You There,"DECEMBER 15, 2020",0
https://rategaincom.wpenginepowered.com/wp-content/uploads/2020/12/Pardon-me-your-politics-are-showing-1.jpg,"Pardon me, your politics are showing","DECEMBER 12, 2020",0
https://rategaincom.wpenginepowered.com/wp-content/uploads/2020/12/New-Deal-Europe-Weekly-Update-on-Tourism-to-the-Balkan-Region-Week-24-1.jpg,"New Deal Europe Weekly Update on Tourism to the Balkan Region, Week 24","DECEMBER 12, 2020",0
https://rategaincom.wpenginepowered.com/wp-content/uploads/2020/10/full-demand-banner-blog-1.jpg,See the Green Shoots of Recovery with Smart Distribution’s latest addition “Future Demand”,"OCTOBER 21, 2020",1
https://rategaincom.wpenginepowered.com/wp-content/uploads/2020/10/Seven-Tactics-to-Keep-your-Hotels-Distribution-Healthy-and-Highly-Profitable-1.jpg,Seven Tactics to Keep your Hotel's Distribution Healthy and Highly Profitable,"OCTOBER 7, 2020",3
https://rategaincom.wpenginepowered.com/wp-content/uploads/2020/08/Bespoke-Strategies-for-Opening-the-Doors-to-the-European-Market.jpg,Bespoke Strategies for Opening the Doors to the European Market,"AUGUST 25, 2020",3
https://rategaincom.wpenginepowered.com/wp-content/uploads/2020/08/A-New-Era-of-Exploration-is-Coming-to-Hoteliers.-Stay-Tuned.jpg,A New Era of Exploration is Coming to Hoteliers. Stay Tuned!,"AUGUST 20, 2020",1
https://rategaincom.wpenginepowered.com/wp-content/uploads/2020/08/millienium-1.jpg,Perspectives with Saurabh Prakash: How Hotels Can Get Digital Right for Recovery,"AUGUST 14, 2020",1
https://rategaincom.wpenginepowered.com/wp-content/uploads/2020/07/Spice-Blog-Blog.jpg,Perspectives with Debojo: How Survival Became A Success Metric at SpiceJet,"JULY 22, 2020",1
https://rategaincom.wpenginepowered.com/wp-content/uploads/2020/07/UK-Blog-Banner-1.jpg,Strategies for Hoteliers to Get Back to Business for UK Market,"JULY 20, 2020",1
https://rategaincom.wpenginepowered.com/wp-content/uploads/2020/07/Blog-Banner-EU-1.jpg,Strategies for Hoteliers to Get Back to Business for Europe Market,"JULY 20, 2020",4
https://rategaincom.wpenginepowered.com/wp-content/uploads/2020/07/Perspectives-8-with-Ajay-Bakaya-Managing-Director-Sarovar-Hotels-and-Resorts.jpg,"Perspectives #8 with Ajay Bakaya, Managing Director, Sarovar Hotels and Resorts","JULY 14, 2020",0
https://rategaincom.wpenginepowered.com/wp-content/uploads/2020/06/Global-Aviation-Banner.jpg,Re-Taking The Skies : What Can Commercial Teams Do To Gear Up For A Full Return Of Airline Travel In The New Normal,"JUNE 30, 2020",0
https://rategaincom.wpenginepowered.com/wp-content/uploads/2020/06/React-to-Competitive-Prices-in-Real-Time-with-RG.jpg,React to Competitive Prices in Real Time with RateGain’s OPTIMA MarketDrone,"JUNE 15, 2020",0
https://rategaincom.wpenginepowered.com/wp-content/uploads/2020/06/Hospitality-net-banner.jpg,Watch Your Language! Content in the New Hospitality Landscape,"JUNE 2, 2020",0
https://rategaincom.wpenginepowered.com/wp-content/uploads/2020/05/Keeping-Lights-On-During-CoronaVirus-Crisis.jpg,Keeping Lights on During the Current COVID Crisis!,"MAY 5, 2020",1
https://rategaincom.wpenginepowered.com/wp-content/uploads/2020/04/distribution-blog-1200x628-2-1.jpg,"Hoteliers, Spot New Markets to Create New Revenues in a Post-COVID 19 World","APRIL 23, 2020",7
https://rategaincom.wpenginepowered.com/wp-content/uploads/2020/04/Social-Media-During-COVID-19-Tourism-Brands-That-Got-It-Right.jpg,Social Media During COVID-19: Tourism Brands That Got It Right,"APRIL 21, 2020",2
https://rategaincom.wpenginepowered.com/wp-content/uploads/2020/03/Covid-Blog.jpg,We Are Bracing Ourselves: Are You?,"MARCH 20, 2020",6
https://rategaincom.wpenginepowered.com/wp-content/uploads/2020/02/How-to-Capture-Rate-Integrity-Issues-in-the-Most-Simplified-Way-copy-1024x536-1.jpg,How to Capture Rate Integrity Issues in the Most Simplified Way,"MARCH 11, 2020",4
https://rategaincom.wpenginepowered.com/wp-content/uploads/2020/02/accpteable.jpg,Top 3 Rate Disparity Cases Acceptable to a Revenue Manager,"MARCH 4, 2020",7
https://rategaincom.wpenginepowered.com/wp-content/uploads/2020/02/Rate-Integrity-A-Brand-New-Way-of-Increasing-Direct-Bookings-.jpg,Rate Integrity: A Brand New Way of Increasing Direct Bookings,"FEBRUARY 27, 2020",3
https://rategaincom.wpenginepowered.com/wp-content/uploads/2020/02/Why-Choose-Rate-Intelligence-Over-Rate-Shopping-1.jpg,Why Choose Rate Intelligence Over Rate Shopping?,"FEBRUARY 19, 2020",5
https://rategaincom.wpenginepowered.com/wp-content/uploads/2020/02/Why-a-Rate-Intelligence-Experience-Should-Have-the-Best-Art-Science-Behind-it-v2-copy-1.jpg,Why a Rate Intelligence Experience Should Have the Best Art & Science Behind it,"FEBRUARY 5, 2020",6
https://rategaincom.wpenginepowered.com/wp-content/uploads/2020/01/Distribution-blog-banner.jpg,Our Point of View on the Modern Age Distribution Ecosystem,"JANUARY 31, 2020",1
https://rategaincom.wpenginepowered.com/wp-content/uploads/2020/01/HR-blog.jpg,Are You Leading A Future-Ready HR?,"JANUARY 29, 2020",3
https://rategaincom.wpenginepowered.com/wp-content/uploads/2020/01/5-Ways-to-Ace-Hospitality-Marketing-in-2020.jpg,5 Ways to Ace Hospitality Marketing in 2020,"JANUARY 20, 2020",1
https://rategaincom.wpenginepowered.com/wp-content/uploads/2020/01/RateGain-Leveraging-UI-to-Create-Value_Blog.jpg,Why UX is Instrumental for Revenue Management,"JANUARY 14, 2020",12
https://rategaincom.wpenginepowered.com/wp-content/uploads/2019/12/Visualizing-Data-Like-a-Pro-The-Key-to-Unlock-the-Data-Gold-Mine.jpg,Visualizing Data Like a Pro: The Key to Unlock the Data Gold Mine,"DECEMBER 17, 2019",9
https://rategaincom.wpenginepowered.com/wp-content/uploads/2019/12/Smart-Shopping-for-Data-Blog.jpg,Smart Shopping for Data: Driving Analytics Excellence in the Airlines Industry,"DECEMBER 4, 2019",2
https://rategaincom.wpenginepowered.com/wp-content/uploads/2019/11/Four-Signs-It-is-Time-to-Change-your-Distribution-Partner-5.jpg,"Mr. Hotelier, Four Signs It is Time to Change your Distribution Partner","NOVEMBER 29, 2019",1
https://rategaincom.wpenginepowered.com/wp-content/uploads/2019/11/Navigating-Constant-Consolidation-banner.jpg,Adopting SCRUM in the Organization’s People Processes,"NOVEMBER 22, 2019",0
https://rategaincom.wpenginepowered.com/wp-content/uploads/2019/11/Navigating-Constant-Consolidation-banner.jpg,How to Deliver Value In The Era Of Hospitality Industry Consolidation?,"NOVEMBER 19, 2019",0
https://rategaincom.wpenginepowered.com/wp-content/uploads/2019/11/airline.jpg,What will define Long Term Success for Airlines,"NOVEMBER 11, 2019",5
https://rategaincom.wpenginepowered.com/wp-content/uploads/2019/10/Airline-Revenue-Manager-PR-2.jpg,Challenges for Airline Revenue Managers Beyond 2020,"OCTOBER 23, 2019",5
https://rategaincom.wpenginepowered.com/wp-content/uploads/2019/10/Airline-Revenue-Manager-Blog.jpg,Navigating Constant Consolidation,"OCTOBER 21, 2019",5
https://rategaincom.wpenginepowered.com/wp-content/uploads/2019/10/Distribution-blog-banner.jpg,Our point of view on Distribution Journey,"OCTOBER 17, 2019",5
https://rategaincom.wpenginepowered.com/wp-content/uploads/2019/10/ui-banner-1.jpg,Putting User Experience at the center of a new problem,"OCTOBER 15, 2019",7
https://rategaincom.wpenginepowered.com/wp-content/uploads/2019/10/Re-Configuring-The-Distribution-Models-For-The-Next-Gen-Distribution-Ecosystem.jpg,The Last Distribution Challenge,"OCTOBER 15, 2019",0
https://rategaincom.wpenginepowered.com/wp-content/uploads/2019/09/Can-Car-Rental-analytics-help-make-better-investment-decisions-2.jpg,Can Car Rental analytics help make better investment decisions?,"OCTOBER 4, 2019",5
https://rategaincom.wpenginepowered.com/wp-content/uploads/2019/09/blog-post.jpg,Top 3 considerations for blueprinting your content transformation,"SEPTEMBER 21, 2019",5
https://rategaincom.wpenginepowered.com/wp-content/uploads/2019/09/cargain.jpg,The Path to A Shared Future: Can car rentals help in turning around the industry slowdown ?,"SEPTEMBER 11, 2019",5
https://rategaincom.wpenginepowered.com/wp-content/uploads/2019/08/Delivering-Duty-of-Care-in-the-Age-of-Corporate-Rogue-Travel.jpg,Delivering Duty of Care in the Age of Corporate Rogue Travel,"AUGUST 21, 2019",4
https://rategaincom.wpenginepowered.com/wp-content/uploads/2019/07/Who-is-winning-the-experience-game-in-travel-and-hospitality-1.jpg,Who is winning the experience game in travel and hospitality?,"JULY 22, 2019",1
https://rategaincom.wpenginepowered.com/wp-content/uploads/2019/07/Airlines-Soaring-on-Ancillary-Revenue.jpg,Airlines: Soaring on Ancillary Revenue,"JULY 18, 2019",1
https://rategaincom.wpenginepowered.com/wp-content/uploads/2019/06/car.jpg,Transaction Tracking and Analytics: Steering Car Rental,"JUNE 24, 2019",0
https://rategaincom.wpenginepowered.com/wp-content/uploads/2019/06/car1.jpg,Enhancing Car Rental Revenue Management with AI-driven Dynamic Pricing,"JUNE 24, 2019",0
https://rategaincom.wpenginepowered.com/wp-content/uploads/2019/04/Cruise-Image-1218x609.jpg,Busting a billion-dollar digital myth for cruise lines!,"FEBRUARY 8, 2019",1
https://rategaincom.wpenginepowered.com/wp-content/uploads/2019/04/Dss-Blog-1200x600.jpg,The future of distribution strategy at your doorstep,"SEPTEMBER 24, 2018",0
https://rategaincom.wpenginepowered.com/wp-content/uploads/2019/04/2-brandgain-1200x600.jpg,"‘A Thousand Words’: Why Great Visuals Speak Directly, Fluently and Effortlessly","AUGUST 27, 2018",0
https://rategaincom.wpenginepowered.com/wp-content/uploads/2019/04/1-packages-1200x600.jpg,New Age Data is Driving Growth for Travel Package Providers,"AUGUST 24, 2018",0
https://rategaincom.wpenginepowered.com/wp-content/uploads/2019/04/Distribution-900x450.jpg,7 Top Trends In Hotel Distribution Today,"JULY 13, 2018",0
https://rategaincom.wpenginepowered.com/wp-content/uploads/2019/04/Retagain_HRS-1-764x382.jpg,HRS Selects RateGain as its Channel Management Partner for their newest connectivity platform,"MAY 4, 2018",0
https://rategaincom.wpenginepowered.com/wp-content/uploads/2019/04/code_itinerary1-534x267.jpg,Code Itineraries: A road map for the travel industry to unlock one trillion dollars in value by 2025,"APRIL 11, 2018",0
https://rategaincom.wpenginepowered.com/wp-content/uploads/2019/04/SEO_HOTEL-1-650x325.png,5 Ways to Improve Your Hotel's Visibility within Search Engines,"APRIL 9, 2018",0
https://rategaincom.wpenginepowered.com/wp-content/uploads/2019/04/madrid-TT-hres-2011_8-xlarge-1280x640.jpg,It's 100% pure adrenaline! Introducing Distribution Strategy Studio,"JANUARY 11, 2018",0
https://rategaincom.wpenginepowered.com/wp-content/uploads/2019/04/bigstock-Reputation-Management-147765833-2800x1400-scaled.jpg,Your Hotel Reputation Matters to Your Revenue,"DECEMBER 11, 2017",0
https://rategaincom.wpenginepowered.com/wp-content/uploads/2019/04/revenu_leakage_banner_mail1-754x377.jpg,"Hoteliers, Take a Re-look at Parity and Prevent Revenue Leakages","NOVEMBER 23, 2017",0
https://rategaincom.wpenginepowered.com/wp-content/uploads/2019/04/bigstock-Increase-Sales-Revenue-66983953-765x382-764x382.jpg,Building the Perfect Revenue Strategy Is Not Enough; Advanced Hotel Revenue Management Tool is a Must!,"NOVEMBER 13, 2017",0
https://rategaincom.wpenginepowered.com/wp-content/uploads/2019/04/Geo-pricing-764x382.png,Travel Industry is Already Using Geo-based Competitive Price Tracking; Act Now Before Its Too Late,"NOVEMBER 3, 2017",0
https://rategaincom.wpenginepowered.com/wp-content/uploads/2019/04/pricing-764x382.jpg,We Bet You Will Not Want to Miss The Benefits of a Comprehensive Hotel Price Intelligence Solution!,"OCTOBER 25, 2017",0
https://rategaincom.wpenginepowered.com/wp-content/uploads/2019/04/bigstock-202739491-2800x1400-scaled.jpg,Tracking Mobile App Rates of Your Competition is a MUST for Your Price Strategy!,"OCTOBER 11, 2017",0
https://rategaincom.wpenginepowered.com/wp-content/uploads/2019/04/Artificial_Intelligence-764x382.jpg,Will Artificial Intelligence Replace Human Intelligence in Revenue Management and Pricing Analysis?,"SEPTEMBER 29, 2017",0
https://rategaincom.wpenginepowered.com/wp-content/uploads/2017/09/bigstock-Digital-Marketing-New-Startup-190890487-2800x1400-1.jpg,7 Fundamental Hotel Marketing Strategies To Stand Out From Your Competition,"SEPTEMBER 21, 2017",1
https://rategaincom.wpenginepowered.com/wp-content/uploads/2019/04/bigstock-Loyalty-Program-145042721-2800x1400-scaled.jpg,Design an Effective Hotel Guest Loyalty Program to Increase Hotel Bookings and Revenue,"SEPTEMBER 18, 2017",0
https://rategaincom.wpenginepowered.com/wp-content/uploads/2019/04/bigstock-192270436-2800x1400-scaled.jpg,Yield Management in Hospitality - Important for Efficient Revenue Management Strategy,"SEPTEMBER 14, 2017",0
https://rategaincom.wpenginepowered.com/wp-content/uploads/2019/04/bigstock-193620838-3000x1500-scaled.jpg,What Makes Your Guests The Promoters of Your Brand?,"SEPTEMBER 7, 2017",0
https://rategaincom.wpenginepowered.com/wp-content/uploads/2019/04/Social-media-travel-industry-300x207-1-1100x759-1-570x285.jpg,The Role and Future of Technology in Travel Industry,"AUGUST 28, 2017",0
https://rategaincom.wpenginepowered.com/wp-content/uploads/2019/04/BG_blog_banner2-764x382-764x382.jpg,New Consumer Review Dashboard For Hotels,"AUGUST 21, 2017",0
https://rategaincom.wpenginepowered.com/wp-content/uploads/2019/04/hotelier-demand-forecasting-762x381-1.jpg,Measuring Demand in Your City will Skyrocket your Revenue - Here is How!,"AUGUST 21, 2017",0
https://rategaincom.wpenginepowered.com/wp-content/uploads/2019/04/bigstock-Business-Man-Select-Happy-156570752-2800x1400-scaled.jpg,7 Best Methods to Gather Quality Guest Feedback,"AUGUST 16, 2017",0
https://rategaincom.wpenginepowered.com/wp-content/uploads/2019/04/G8H6842-1-4896x2448-scaled.jpg,"The Brilliant Hotelier: Face To Face With Panayiotis Kyprianou From Thanos Resorts & Spas, Cyprus","AUGUST 14, 2017",0
https://rategaincom.wpenginepowered.com/wp-content/uploads/2017/08/bigstock-Support-Help-Unity-Togethernes-118375838-2800x1400-1.jpg,"Hotels, Utilize Closed User Group (CUG) Customers to Increase Revenue Through Direct Bookings","AUGUST 8, 2017",0
https://rategaincom.wpenginepowered.com/wp-content/uploads/2019/04/bigstock-Teamwork-And-Integration-Conce-66966004-2800x1400-scaled.jpg,Create a Revenue Centric Culture in your Hotel by Integrating Technology,"AUGUST 2, 2017",0
https://rategaincom.wpenginepowered.com/wp-content/uploads/2019/04/bigstock-Reputation-Popular-Ranking-Hon-184164262-3596x1798-scaled.jpg,"Hoteliers, Are You Using Mobile to Support Your Online Reputation Management?","JULY 31, 2017",0
https://rategaincom.wpenginepowered.com/wp-content/uploads/2019/04/bigstock-Online-Reviews-Evaluation-Time-185136694-2800x1400-scaled.jpg,7 Practical tips to improve online reviews of your hotel,"JULY 25, 2017",0
https://rategaincom.wpenginepowered.com/wp-content/uploads/2016/03/Channel-Management-Features-to-Choose-the-Right-Hotel-Channel-Manager.webp,14 Features to Consider Before Your Hotel Decides to Devote In a Channel Manager,"JULY 24, 2017",0
https://rategaincom.wpenginepowered.com/wp-content/uploads/2019/04/bigstock-Business-Man-Select-Happy-156570752-2800x1400-scaled.jpg,Managing Hotel Guest Sentiment and Online Presence to Create Revenue Centric Culture,"JULY 19, 2017",0
https://rategaincom.wpenginepowered.com/wp-content/uploads/2019/04/Distribution-900x450.jpg,"Hoteliers, You Need a Channel Manager with an Edge to Stand out from Competition","JULY 18, 2017",0
https://rategaincom.wpenginepowered.com/wp-content/uploads/2019/04/bigstock-Increase-Sales-Revenue-66983953-765x382-764x382-1.jpg,"Hoteliers, Learn How to Create A Revenue Centric Culture in Your Hotel","JULY 10, 2017",0
https://rategaincom.wpenginepowered.com/wp-content/uploads/2019/04/bigstock-Reputation-Management-145495634-2800x1400-scaled.jpg,"Hoteliers, Learn About The Growing Importance of Hotel Online Reputation Management","JULY 4, 2017",0
https://rategaincom.wpenginepowered.com/wp-content/uploads/2019/04/restaurant_online_repuptation2-870x435.jpg,How to Make Restaurant’s Online Reputation a Secret Sauce in Enhancing your Hotel Brand?,"JUNE 28, 2017",0
https://rategaincom.wpenginepowered.com/wp-content/uploads/2019/04/hotel-social-media-960x480.jpg,Engaging Travelers Through Social Media Can Reap Umpteen Benefits for Hotels,"JUNE 19, 2017",0
https://rategaincom.wpenginepowered.com/wp-content/uploads/2019/04/channelmanager-1094x547.png,Approach For A Balanced Hotel Distribution Strategy - Learn Why Hotels Should Adopt It,"JUNE 14, 2017",0
https://rategaincom.wpenginepowered.com/wp-content/uploads/2019/04/facebook_bannerImg-764x382.jpg,9 Tips to Build a Hotel’s Facebook Strategy & Improve Guest Experience,"JUNE 6, 2017",0
https://rategaincom.wpenginepowered.com/wp-content/uploads/2019/04/4FA1CA06CC244CDA241A54F378ACCCBFD4056C5D0D5865A59Fpimgpsh_fullsize_distr-764x382.jpg,Top Trends: Millennial Travelers & the Hospitality Sector,"MAY 30, 2017",0
https://rategaincom.wpenginepowered.com/wp-content/uploads/2019/04/blog_img-764x382.jpg,Evolving Role Of Hotel Revenue Manager - Part 4,"MAY 26, 2017",0
https://rategaincom.wpenginepowered.com/wp-content/uploads/2019/04/bigstock-Competitive-Edge-119382113-2800x1400-scaled.jpg,The Evolving Role of Revenue Managers - Part 3,"MAY 24, 2017",0
https://rategaincom.wpenginepowered.com/wp-content/uploads/2019/04/bigstock-165382157-2800x1400-scaled.jpg,The Evolving Role Of Hotel Revenue Managers – Part 2,"MAY 17, 2017",0
https://rategaincom.wpenginepowered.com/wp-content/uploads/2019/04/bigstock-184358374-3000x1500-scaled.jpg,How Your Hotel distribution & Online Reputation Strategy is key to RevPAR Management,"MAY 15, 2017",0
https://rategaincom.wpenginepowered.com/wp-content/uploads/2019/04/bigstock-Finance-Report-Concept-Flat-S-124822064-3000x1500-scaled.jpg,The Evolving Role of Hotel Revenue Managers - Part 1,"MAY 10, 2017",0
https://rategaincom.wpenginepowered.com/wp-content/uploads/2019/04/bigstock-Business-Man-Select-Happy-156570752-2800x1400-scaled.jpg,5 Effective Ways Hotels Could Conduct Guest Surveys and Loyalty Programs,"MAY 2, 2017",0
https://rategaincom.wpenginepowered.com/wp-content/uploads/2017/04/vacation-rental_airbnb-1428x714-1024x512-1.jpg,"Hoteliers, Are Vacation Rentals Eating Your Lunch?","APRIL 26, 2017",0
https://rategaincom.wpenginepowered.com/wp-content/uploads/2019/04/artificial-intelligence-risk-reward-now-labs-2088x1044.jpg,The Future of Hotel Revenue Management – BOTs or Humans?,"APRIL 18, 2017",0
https://rategaincom.wpenginepowered.com/wp-content/uploads/2019/04/bigstock-Business-Or-Marketing-Concept-181728700-1-617x308.jpg,"Hoteliers, Learn How to Overcome the Challenges in Online Reputation Management","APRIL 14, 2017",0
https://rategaincom.wpenginepowered.com/wp-content/uploads/2019/04/Seasonality-356x178.png,Managing Seasonal Market Changes to Ensure your Hotel Stays on Top - Part 4,"APRIL 13, 2017",0
https://rategaincom.wpenginepowered.com/wp-content/uploads/2019/04/bigstock-Competitive-Advantage-Concept-118415714-2750x1375-scaled.jpg,Managing Seasonal Market Changes to Ensure your Hotel Stays on Top - Part 3,"APRIL 11, 2017",0
https://rategaincom.wpenginepowered.com/wp-content/uploads/2019/04/bigstock-Businessman-Hand-Drawing-Sales-118618487-3800x1900-scaled.jpg,Managing Seasonal Market Changes to Ensure your Hotel Stays on Top - Part 2,"APRIL 7, 2017",0
https://rategaincom.wpenginepowered.com/wp-content/uploads/2019/04/bigstock-153294449-3000x1500-scaled.jpg,Managing Seasonal Market Changes to Ensure your Hotel Stays on Top - Part 1,"APRIL 3, 2017",0
https://rategaincom.wpenginepowered.com/wp-content/uploads/2019/04/automation-764x382-764x382.jpg,"Hoteliers, Beat the Competition and Be The Market Leaders By Adopting Automation","MARCH 27, 2017",0
https://rategaincom.wpenginepowered.com/wp-content/uploads/2019/04/google_banner_img-764x382.jpg,How Can Hotels Use Google to Maximise their Online Presence?,"MARCH 17, 2017",0
https://rategaincom.wpenginepowered.com/wp-content/uploads/2019/04/bigstock-Action-Plan-Action-Plan-Str-159437243-2800x1400-scaled.jpg,Revenue Management & Marketing Automation can Help Independent Hotels Stay Ahead,"MARCH 14, 2017",0
https://rategaincom.wpenginepowered.com/wp-content/uploads/2019/04/bigstock-133294829-2800x1400-scaled.jpg,"Hoteliers, Design Your Revenue Management Strategy in Pre-Opening Stage","MARCH 2, 2017",0
https://rategaincom.wpenginepowered.com/wp-content/uploads/2019/04/bigstock-Calendar-Note-Schedule-Memo-Ma-148425554-2800x1400-scaled.jpg,"Hoteliers, Keep a Track of Events and Holidays To Increase your Revenue Many Folds","FEBRUARY 20, 2017",0
https://rategaincom.wpenginepowered.com/wp-content/uploads/2019/04/bigstock-Pricing-Strategy-141013019-2800x1400-scaled.jpg,3 Effective Hotel Pricing Strategy Can Boost Your Hotel Revenue,"FEBRUARY 13, 2017",2
https://rategaincom.wpenginepowered.com/wp-content/uploads/2019/04/hotel-reviews-760x380.jpg,How to Manage Hotel's Online Reviews & Guest Experience,"FEBRUARY 2, 2017",0
https://rategaincom.wpenginepowered.com/wp-content/uploads/2019/04/hotelier-demand-forecasting-762x381.jpg,Why Should Hotels Pay Special Attention to Demand Forecasting?,"JANUARY 25, 2017",0
https://rategaincom.wpenginepowered.com/wp-content/uploads/2019/04/Final-White-3-800x400.png,RateGain’s Top 12 Blogs of 2016,"JANUARY 3, 2017",0
https://rategaincom.wpenginepowered.com/wp-content/uploads/2019/04/otas-versus-branddotcom-1740x870.png,Managing Real-Time Room Inventories Across Multiple OTAs,"DECEMBER 27, 2016",0
https://rategaincom.wpenginepowered.com/wp-content/uploads/2019/04/al-manzel-3-1024x763-1024x512.jpg,"The Brilliant Hotelier: Face 2 Face with Ria Roberto, the Director of Revenue Management at Kenz Hotel Management, UAE","DECEMBER 19, 2016",0
https://rategaincom.wpenginepowered.com/wp-content/uploads/2019/04/rev_hero_img-472x236.jpg,Be the Revenue Management Hero of your Hotel,"NOVEMBER 28, 2016",0
https://rategaincom.wpenginepowered.com/wp-content/uploads/2019/04/restaurant-948x474.jpg,Tips to Build Customer Loyalty for Your Restaurant,"NOVEMBER 21, 2016",0
https://rategaincom.wpenginepowered.com/wp-content/uploads/2019/04/bigstock-Summer-Vacation-And-Online-Boo-98043824-1-300x141-282x141.jpg,"Systems Reliability, A Necessity for Hotel Operations: Part 2","NOVEMBER 18, 2016",0
https://rategaincom.wpenginepowered.com/wp-content/uploads/2019/04/sdf-740x370.jpg,Is Your Hotel United by Goals but Divided by Systems?,"NOVEMBER 16, 2016",0
https://rategaincom.wpenginepowered.com/wp-content/uploads/2019/04/bali-niksoma2-1024x544-1024x512.jpg,"The Brilliant Hotelier: Face 2 Face with I Nyoman Astama, General Manager of the Bali Niksoma Boutique Beach Resort","NOVEMBER 15, 2016",0
https://rategaincom.wpenginepowered.com/wp-content/uploads/2019/04/Novotel_Muenchen_M_3050027c-460x230.jpg,"Systems Reliability, A Necessity for Hotel Operations: Part 1","NOVEMBER 11, 2016",0
https://rategaincom.wpenginepowered.com/wp-content/uploads/2019/04/Google-update-mobile-friendly-850x425.png,Is your Hotel Website Ready for Google's Latest Mobile Updates,"NOVEMBER 8, 2016",0
https://rategaincom.wpenginepowered.com/wp-content/uploads/2019/04/bigstock-130275857-900x450.jpg,Optimize Your Hotel’s SEO and Mobile Strategy,"NOVEMBER 3, 2016",0
https://rategaincom.wpenginepowered.com/wp-content/uploads/2019/04/cypro-900x450.png,"The Brilliant Hotelier: Face 2 Face with Stavros Drakou, Director at Cyprotels Hotels and Resorts, Cyprus","NOVEMBER 2, 2016",0
https://rategaincom.wpenginepowered.com/wp-content/uploads/2019/04/pumpkins-3-849x424.jpg,What’s spookier than Halloween for Hoteliers?,"OCTOBER 26, 2016",0
https://rategaincom.wpenginepowered.com/wp-content/uploads/2019/04/PPHotels-768x1024-768x384.jpg,"The Brilliant Hotelier: Face 2 Face with Trisna Widia, Marketing & E-Commerce Manager, Prime Plaza Hotels and Resorts, Indonesia","OCTOBER 6, 2016",0
https://rategaincom.wpenginepowered.com/wp-content/uploads/2019/04/drive-direct-bookings-1024x512-1024x512.jpg,How to Increase Hotel Direct Bookings? Don’t Ignore the Role of a Booking Engine,"SEPTEMBER 26, 2016",0
https://rategaincom.wpenginepowered.com/wp-content/uploads/2019/04/Disruption3-420x210.jpg,Weary of Disruption? 5 Simple Steps to Disrupt the Disruptions in the Rapidly Changing Hospitality Industry,"SEPTEMBER 21, 2016",0
https://rategaincom.wpenginepowered.com/wp-content/uploads/2019/04/fdg-440x220.jpg,Disruption in the Hotel Industry and Changing Face of the Global Travel Market,"SEPTEMBER 16, 2016",0
https://rategaincom.wpenginepowered.com/wp-content/uploads/2019/04/df-1430x715.jpg,"The Brilliant Hotelier: Tête-à-Tête with Richard Lewis, the CEO of Landmark Hotels, Dubai","SEPTEMBER 15, 2016",0
https://rategaincom.wpenginepowered.com/wp-content/uploads/2019/04/No-wifi-image-568x284.jpg,"Hotels, Are You Prepared for Digital Detox Travelers?","SEPTEMBER 6, 2016",0
https://rategaincom.wpenginepowered.com/wp-content/uploads/2019/04/J5-Rimal-900x450.jpg,"The Brilliant Hotelier: Face 2 Face with the Revenue Director at J5 Rimal Hotel Apartments, Dubai","SEPTEMBER 2, 2016",0
https://rategaincom.wpenginepowered.com/wp-content/uploads/2019/04/fg-584x292.jpg,How Hotels of Tomorrow are Improving Guest Experience with Technology?,"SEPTEMBER 1, 2016",0
https://rategaincom.wpenginepowered.com/wp-content/uploads/2019/04/make-hotel-revenue-customer-loyalty-1430x715.jpg,How can Hotels Generate More Revenue from Customer Loyalty - Part II,"AUGUST 25, 2016",0
https://rategaincom.wpenginepowered.com/wp-content/uploads/2019/04/expert-1718x859.jpg,How can Hotels Generate More Revenue from Customer Loyalty - Part I,"AUGUST 19, 2016",0
https://rategaincom.wpenginepowered.com/wp-content/uploads/2019/04/blog-900x450.jpg,5 Things About Hotel Revenue Management Your Boss Wants to Know – Part II,"JULY 28, 2016",0
https://rategaincom.wpenginepowered.com/wp-content/uploads/2019/04/bigstock-Increase-Sales-Revenue-66983953-765x382-764x382-1.jpg,5 Things About Hotel Revenue Management Your Boss Wants to Know - Part I,"JULY 22, 2016",0
https://rategaincom.wpenginepowered.com/wp-content/uploads/2019/04/channelmanager-1094x547.png,"Hotels, Improve your Online Distribution Strategy with Six Simple Tips","JULY 12, 2016",0
https://rategaincom.wpenginepowered.com/wp-content/uploads/2019/04/hotel-revenue-management-system-900x450.jpg,How to Ensure the Demand Generated is Translated into Increased Revenues?,"JULY 11, 2016",0
https://rategaincom.wpenginepowered.com/wp-content/uploads/2019/04/Brexit-900x450.jpg,"Brexit: The Impact on Travel and Tourism Industry, Now and Later","JUNE 27, 2016",0
https://rategaincom.wpenginepowered.com/wp-content/uploads/2019/04/guest-satisfaction-900x450.jpg,Create a new chapter in the relationship between Your Hotel & Guests with Chat Tools,"JUNE 21, 2016",0
https://rategaincom.wpenginepowered.com/wp-content/uploads/2019/04/Online-Guest-Reviews-hotels-900x450.jpg,Effective Ways to Measure & Generate Demand – Part IV,"JUNE 17, 2016",0
https://rategaincom.wpenginepowered.com/wp-content/uploads/2019/04/hotel-demand-900x450.jpg,Effective Ways to Measure & Generate Demand - Part II,"JUNE 15, 2016",0
https://rategaincom.wpenginepowered.com/wp-content/uploads/2019/04/Way-connection-or-Common-Pool-Inventory-963x481.png,Effective Ways to Measure & Generate Demand – Part III,"JUNE 15, 2016",0
https://rategaincom.wpenginepowered.com/wp-content/uploads/2019/04/rate-intelligence-900x450.jpg,Effective Ways to Measure and Generate Demand - Part I,"MAY 17, 2016",0
https://rategaincom.wpenginepowered.com/wp-content/uploads/2016/03/Channel-Management-Top-Tips-to-Choose-the-Right-Hotel-Channel-Manager.webp,8 Top Tips to Choose the Right Hotel Channel Manager,"MAY 3, 2016",0
https://rategaincom.wpenginepowered.com/wp-content/uploads/2019/04/Rev1-699x349.jpg,Comparing and Contrasting Industry Problems with Revenue Optimisation,"APRIL 27, 2016",0
https://rategaincom.wpenginepowered.com/wp-content/uploads/2019/04/Louie-Reyes.jpg,"Unity for Revenue Management: An Interview With the Revenue Analyst at The Manila Hotel, Philippines","APRIL 14, 2016",0
https://rategaincom.wpenginepowered.com/wp-content/uploads/2019/04/rate-900x450.jpg,How to Choose the Right Rate Optimisation Tool for Your Hotel?,"APRIL 6, 2016",0
https://rategaincom.wpenginepowered.com/wp-content/uploads/2019/04/london-e2-678x339.jpg,Airbnb: An Alternate Lodging Threat to Hotels?,"MARCH 21, 2016",0
https://rategaincom.wpenginepowered.com/wp-content/uploads/2019/04/shutterstock_828033041-300x150.jpg,Did You Know? It’s critical to Push Rates along with Occupancy,"FEBRUARY 19, 2016",0
https://rategaincom.wpenginepowered.com/wp-content/uploads/2019/04/room-forecasting-1216x608.jpg,Hotel Demand Forecasting: Top 3 Ways Hoteliers Can Leverage this Strategic Management Tool,"FEBRUARY 12, 2016",0
https://rategaincom.wpenginepowered.com/wp-content/uploads/2019/04/dfs-1024x683-1024x512.jpg,7 Quick Tips For Your Hotel Pre-Opening In 2017,"FEBRUARY 12, 2016",0
https://rategaincom.wpenginepowered.com/wp-content/uploads/2019/04/Zika-586x293.png,Zika virus outbreak: Is tourism industry in Central and South America on risk?,"FEBRUARY 8, 2016",0
https://rategaincom.wpenginepowered.com/wp-content/uploads/2019/04/business-ohot-762x381.jpg,9 Undeniable Advantages of Hotel Room Forecasting,"JANUARY 3, 2016",0
https://rategaincom.wpenginepowered.com/wp-content/uploads/2019/04/hotel-social-media-960x480.jpg,Golden Rules to Make the Most of Your Hotel’s Facebook Page,"DECEMBER 15, 2015",0
https://rategaincom.wpenginepowered.com/wp-content/uploads/2019/04/comp-sets-838x419.jpg,A Revenue Management mistake that you need to avoid today,"OCTOBER 23, 2015",0
https://rategaincom.wpenginepowered.com/wp-content/uploads/2019/04/london-e2-678x339-1.jpg,The UK RevPAR Growth Story: Promises and Challenges,"OCTOBER 19, 2015",0
https://rategaincom.wpenginepowered.com/wp-content/uploads/2019/04/pareto-e-700x350.jpg,How to improve your hotel's online reputation using a 100 year old mathematics principle,"JULY 16, 2015",0
https://rategaincom.wpenginepowered.com/wp-content/uploads/2019/04/europe-revpar-growth_rategain-700x350.png,RevPar Growth in Europe: The top three cities,"JUNE 4, 2015",0
